{
  "system_status": {
    "status": "NOMINAL",
    "alerts": [],
    "sol": 100,
    "lmst": "12:01",
    "habitat_temp_c": 24.073187426038604,
    "mars_temp_c": 1.9996962350465104
  },
  "surface": {
    "peak_sun_today": 0.9999873431269379,
    "sunlight_per_m2_kw": 0.5699927855823546,
    "low_sun_streak_sols": 0,
    "dust_storm_risk_pct": 0.0,
    "season": "northern_spring",
    "ls_deg": 48.2
  },
  "atmosphere": {
    "total_pressure_kpa": 64.93408333333332,
    "oxygen_kpa": 19.9995,
    "carbon_dioxide_kpa": 0.34958333333333336,
    "nitrogen_kpa": 21.991249999999976,
    "argon_kpa": 22.593750000000007,
    "methane_kpa": 0.0,
    "buffer_gas_mode": "stable",
    "pressure_gap_kpa": 0.06645666522979354,
    "buffer_gas_added_kpa": 0.0,
    "buffer_gas_vented_kpa": 0.0,
    "o2_stored_kg": 937.1871163222778,
    "co2_stored_kg": 499.9340572328414,
    "n2_stored_kg": 920.6052795351844,
    "ar_stored_kg": 325.19609022181896,
    "h2_stored_kg": 0.010820558160434849,
    "ch4_stored_kg": 240.0001565439382,
    "amine_beds_online": 0,
    "bed_switch_this_step": false,
    "co2_scrubbed_kpa": 0.0,
    "co2_scrubbed_kg": 0.0
  },
  "oga": {
    "oga_mode": "running",
    "o2_added_kpa": 0.003309997844665901,
    "o2_vented_kg": 0.0,
    "h2_added_kg": 0.010801858647032606,
    "oga_limited_by_water": false,
    "oga_water_used_kg": 0.09515923093814439
  },
  "sabatier": {
    "sabatier_mode": "venting",
    "sabatier_co2_consumed_kg": 0.0007483979359424638,
    "ch4_added_kg": 0.00027281408966882404,
    "ch4_vented_kg": 0.0008870823165182173,
    "h2_used_kg": 0.0001371297649497848,
    "sabatier_water_added_kg": 0.0006126966060442393
  },
  "water": {
    "vapor_added_kg": 0.5055323108996468,
    "humidity_pct": 53.57572401727552,
    "vapor_removed_kg": 0.5055323108996468,
    "upa_black_removed_kg": 0.0,
    "wpa_processed_kg": 1.3333333333333333,
    "bpa_processed_kg": 0.012499999999999999,
    "potable_used_kg": 0.40104166666666663,
    "total_recovered_kg": 1.2770293632727108,
    "upa_recovered_kg": 0.0,
    "wpa_recovered_kg": 1.2666666666666666,
    "bpa_recovered_kg": 0.00975,
    "gray_added_kg": 0.1171875,
    "black_added_kg": 0.1875,
    "condensate_added_kg": 0.5055323108996468,
    "upa_brine_added_kg": 0.0,
    "potable_water_kg": 6500.0,
    "gray_water_kg": 0.1171875,
    "black_water_kg": 2.25,
    "condensate_kg": 0.5055323108996468,
    "brine_kg": 0.5900000000014831,
    "raw_water_kg": 299.3000000000008
  },
  "power": {
    "net_energy_kwh": 1.1147285339432866,
    "battery_stored_kwh": 1300.0,
    "battery_capacity_kwh": 1300.0,
    "solar_arrays_online": 6,
    "solar_generated_kw": 19.151757595567116,
    "wellness_lights": false,
    "total_power_used_kw": 9.775015188247675,
    "oga_power_kw": 2.5,
    "sabatier_power_kw": 0.6375,
    "scrubber_power_kw": 0.0,
    "lights_power_kw": 0.8000151882476745,
    "chx_power_kw": 0.35,
    "gh_power_kw": 0.0,
    "radiator_power_kw": 0.32,
    "heater_power_kw": 0.0,
    "isru_water_power_kw": 0.0,
    "isru_atm_power_kw": 4.0,
    "total_energy_used_kwh": 0.4812512656873062
  },
  "thermal": {
    "mode": "cooling",
    "temp_change_per_hour_c": 0.10649215685103333,
    "mars_temp_c": 1.9996962350465104,
    "habitat_temp_c": 24.073187426038604,
    "temp_trend_c_per_hr": 0.10649215685103333,
    "heat_loss_kw": 14.342000948982099,
    "net_heat_kw": 10.116754900848166,
    "heaters_online": 0,
    "heater_heat_kw": 0.0,
    "isru_water_heat_kw": 0.0,
    "isru_atm_heat_kw": 2.4,
    "amine_bed_heat_kw": 0.0,
    "light_heat_kw": 0.20000379706191862,
    "chx_heat_kw": 0.0,
    "gh_heat_kw": 4.859999999999999,
    "sabatier_heat_kw": 0.414375,
    "oga_heat_kw": 1.2,
    "radiators_online": 4,
    "radiator_cooling_kw": 9.561243842395461
  },
  "isru_water": {
    "isru_water_mode": "idle",
    "pipes_extracting": 0,
    "pipes_deploying": 0,
    "pipes_retracting": 0,
    "raw_water_added_kg": 0.0
  },
  "isru_atm": {
    "isru_atm_mode": "running",
    "compressors": 1,
    "sorbent_beds_adsorbing": 0,
    "sorbent_beds_regen": 2,
    "sorbent_beds_standby": 3,
    "n2_added_kg": 0.015795,
    "ar_added_kg": 0.00936,
    "co2_added_kg": 0.0,
    "co2_absorbed_kg": 0.44180000000000064,
    "co2_released_kg": 0.0,
    "co2_bypassed_kg": 0.11394999999999933
  },
  "greenhouse": {
    "greenhouse_mode": "online",
    "food_produced_kg": 0.0,
    "gh_co2_used_kpa": 5.987615195966119e-06,
    "gh_o2_added_kpa": 5.00071844353365e-06,
    "gh_transpiration_kg": 0.3180323108996468,
    "gh_water_needed_kg": 2.891076255447971,
    "gh_water_used_kg": 0.3741556598819374,
    "gh_water_recirculated_kg": 2.5169205955660336
  }
}