{
  "system_status": {
    "status": "NOMINAL",
    "alerts": [],
    "sol": 100,
    "lmst": "12:01",
    "habitat_temp_c": 23.921417261932568,
    "mars_temp_c": 1.9997075294336355
  },
  "atmosphere": {
    "total_pressure_kpa": 64.93408333333332,
    "oxygen_kpa": 19.9995,
    "carbon_dioxide_kpa": 0.34958333333333336,
    "nitrogen_kpa": 21.991249999999976,
    "argon_kpa": 22.593750000000007,
    "methane_kpa": 0.0,
    "buffer_gas_mode": "stable",
    "pressure_gap_kpa": 0.06645666522979354,
    "buffer_gas_added_kpa": 0.0,
    "buffer_gas_vented_kpa": 0.0,
    "o2_stored_kg": 937.2515602978675,
    "co2_stored_kg": 499.9340254672909,
    "n2_stored_kg": 920.5066771013868,
    "ar_stored_kg": 325.09565350897685,
    "h2_stored_kg": 0.010826012980103081,
    "ch4_stored_kg": 240.00015661967353,
    "amine_beds_online": 0,
    "co2_scrubbed_kpa": 0.0,
    "oga_mode": "running",
    "o2_added_kpa": 0.003309997844665901,
    "h2_produced": 0,
    "oga_water_used_kg": 0.09520720559302281,
    "oga_limited_by_water": false
  },
  "sabatier": {
    "sabatier_mode": "venting",
    "sabatier_co2_consumed_kpa": 2.10098112636805e-05,
    "sabatier_co2_consumed_kg": 0.0007487600592429012,
    "ch4_added_kg": 0.0002729460947610512,
    "ch4_vented_kg": 0.0008875114832946451,
    "h2_used_kg": 0.00013719611719460932,
    "sabatier_water_produced_kg": 0.000612993068269069
  },
  "water": {
    "vapor_added_kg": 0.5055323108996468,
    "humidity_pct": 53.57572401727552,
    "vapor_removed_kg": 0.5055323108996468,
    "upa_black_removed_kg": 0.0,
    "wpa_processed_kg": 1.3333333333333333,
    "bpa_processed_kg": 0.012499999999999999,
    "potable_used_kg": 0.40104166666666663,
    "oga_water_used_kg": 0.09520720559302281,
    "sabatier_water_added_kg": 0.000612993068269069,
    "raw_water_added_kg": 0.0,
    "total_recovered_kg": 1.2770296597349355,
    "upa_recovered_kg": 0.0,
    "wpa_recovered_kg": 1.2666666666666666,
    "bpa_recovered_kg": 0.00975,
    "gray_added_kg": 0.1171875,
    "black_added_kg": 0.1875,
    "condensate_added_kg": 0.5055323108996468,
    "upa_brine_added_kg": 0.0,
    "potable_water_kg": 6500.0,
    "gray_water_kg": 0.1171875,
    "black_water_kg": 2.25,
    "condensate_kg": 0.5055323108996468,
    "brine_kg": 0.5900000000014831,
    "raw_water_kg": 299.3000000000008
  },
  "power": {
    "net_energy_kwh": 1.114729332079977,
    "peak_sun_today": 0.9999878137264014,
    "sunlight_per_m2_kw": 0.5699930538240487,
    "low_sun_streak_sols": 0,
    "solar_arrays_online": 6,
    "solar_generated_kw": 19.151766608488042,
    "battery_stored_kwh": 1300.0,
    "wellness_lights": false,
    "total_power_used_kw": 9.775014623528318,
    "oga_power_kw": 2.5,
    "scrubber_power_kw": 0.0,
    "lights_power_kw": 0.8000146235283183,
    "chx_power_kw": 0.35,
    "sabatier_power_kw": 0.6375,
    "gh_power_kw": 0.0,
    "radiator_power_kw": 0.32,
    "heater_power_kw": 0.0,
    "isru_power_kw": 0.0,
    "total_energy_used_kwh": 0.4812512186273598
  },
  "thermal": {
    "mode": "cooling",
    "temp_change_per_hour_c": 0.08243610510764252,
    "mars_temp_c": 1.9997075294336355,
    "habitat_temp_c": 23.921417261932568,
    "temp_trend_c_per_hr": 0.08243610510764252,
    "heat_loss_kw": 14.244646037097642,
    "net_heat_kw": 7.831429985226039,
    "heaters_online": 0,
    "heater_heat_kw": 0.0,
    "isru_heat_kw": 0.0,
    "isru_atm_heat_kw": 2.4,
    "amine_bed_heat_kw": 0.0,
    "light_heat_kw": 0.20000365588207958,
    "chx_heat_kw": 0.0,
    "gh_heat_kw": 4.859999999999999,
    "sabatier_heat_kw": 0.414375,
    "oga_heat_kw": 1.2,
    "radiators_online": 4,
    "radiator_cooling_kw": 9.488705977969447
  },
  "isru": {
    "isru_atm_mode": "running",
    "compressors": 1,
    "sorbent_beds_adsorbing": 0,
    "sorbent_beds_regen": 2,
    "sorbent_beds_standby": 3,
    "n2_added_kg": 0.015795,
    "ar_added_kg": 0.00936,
    "co2_absorbed_kg": 0.44180000000000064,
    "co2_released_kg": 0.0,
    "co2_bypassed_kg": 0.11394999999999933,
    "isru_water_mode": "offline",
    "pipes_extracting": 0,
    "pipes_deploying": 0,
    "pipes_retracting": 0,
    "raw_water_added_kg": 0.0
  },
  "greenhouse": {
    "greenhouse_mode": "online",
    "food_produced_kg": 0.0,
    "gh_co2_used_kpa": 5.987615195966119e-06,
    "gh_o2_added_kpa": 5.00071844353365e-06,
    "gh_transpiration_kg": 0.3180323108996468,
    "gh_water_needed_kg": 2.891076255447971,
    "gh_water_used_kg": 0.3741556598819374,
    "gh_water_recirculated_kg": 2.5169205955660336
  }
}